tc_id,coordinates,radius,beacon_id
3,"17.437954,78.395327",500,9
3,"17.439621,78.394269",300,11
2,"17.438131,78.393623",200,3
